ImageLink,Title,Link,Date,Description
https://i2.wp.com/www.naijanews.com/wp-content/uploads/2020/04/Ngozi-Okonjo-Iweala-696x392-1.jpg?resize=400%2C240&ssl=1,"Endorse Okonjo-Iweala As DG, FG Begs WTO Members",https://www.naijanews.com/2020/10/08/endorse-okonjo-iweala-as-dg-fg-begs-wto-members/,4 days ago,"The Federal Government of Nigeria has appealed to members of the world trade organisation to endorse Nigeria’s nomination, Dr Ngozi Okonjo-Iweala in her aspiration for the..."
https://i0.wp.com/www.naijanews.com/wp-content/uploads/2020/10/EjzIvTCWsAAhNum.jpg?resize=400%2C240&ssl=1,7 Important Things Buhari Said At The 2021 Budget Presentation,https://www.naijanews.com/2020/10/08/7-important-things-buhari-said-at-the-2021-budget-presentation/,4 days ago,President Muhammadu Buhari has Presented  N13trn 2021 Budget To National Assembly earlier today. Buhari arrived the National Assembly premised by exactly 11.01am and was received by...
https://i1.wp.com/www.naijanews.com/wp-content/uploads/2020/10/Buhari-at-National-Assembly.jpg?resize=400%2C240&ssl=1,Read The Full Text Of President Buhari’s 2021 Budget Presentation Speech,https://www.naijanews.com/2020/10/08/read-the-full-text-of-president-buharis-2021-budget-presentation-speech/,4 days ago,"President Muhammadu Buhari on Thursday, 8th October 2020, presented a N13.08 trillion 2021 Appropriation Bill before a joint session of the National Assembly for consideration and..."
https://i0.wp.com/www.naijanews.com/wp-content/uploads/2020/06/obasa-muda.jpg?resize=400%2C240&ssl=1,EFCC Grills Lagos Speaker Obasa Over Multi-Million Naira Fraud,https://www.naijanews.com/2020/10/08/efcc-grills-lagos-speaker-obasa-over-multi-million-naira-fraud/,4 days ago,"The Economic and Financial Crimes Commission (EFCC) is currently grilling  Speaker of the Lagos State House of Assembly, Mudashiru Obasa, over allegations of fraud. Naija News..."
https://i2.wp.com/www.naijanews.com/wp-content/uploads/2019/02/Tinubu-sad.jpg?resize=400%2C240&ssl=1,Breaking! Court Summons Bola Tinubu Over N100bn Alpha Beta Fraud,https://www.naijanews.com/2020/10/08/breaking-court-summons-bola-tinubu-over-alpha-beta-fraud/,4 days ago,"The National Leader of the All Progressive Congress, Bola Ahmed Tinubu has been summoned to appear before a Lagos State high court over Alpha Beta fraud...."
https://i2.wp.com/www.naijanews.com/wp-content/uploads/2020/10/Emir-BAMALI.jpg?resize=360%2C240&ssl=1,Emir Of Zazzau: Emirate Council Member Resigns After 19 Years In Office,https://www.naijanews.com/2020/10/08/emir-of-zazzau-emirate-council-member-resigns-after-19-years-in-office/,4 days ago,"Aminu Yakubu-Wambai, an official of Zazzau Emirate, has resigned from his position after 19 years as the Wakilin Raya Kasar Zazzau. This is coming after Ahmed..."
https://i2.wp.com/www.naijanews.com/wp-content/uploads/2019/10/buhari2.jpg?resize=400%2C240&ssl=1,We Will Pass 2021 Budget Before End Of 2020 – Senate President Assures,https://www.naijanews.com/2020/10/08/we-will-pass-2021-budget-before-end-of-2020-senate-president-assures/,4 days ago,"Senate President, Dr. Ahmad Lawan has given assurances that the National Assembly is ready to pass the 2021 national budget estimates before the end of 2020...."
https://i0.wp.com/www.naijanews.com/wp-content/uploads/2020/10/Bisola-Ajayi.jpeg?resize=400%2C240&ssl=1,"Abducted Lawyer, Bisola Ajayi Has Been Rescued",https://www.naijanews.com/2020/10/08/abducted-lawyer-bisola-ajayi-has-been-rescued/,4 days ago,"Paulette Bisola Ajayi, a young Nigerian lady recently kidnapped by some unknown gunmen has been rescued. Naija News reports earlier that the young lawyer was abducted..."
https://i2.wp.com/www.naijanews.com/wp-content/uploads/2020/04/Ngozi-Okonjo-Iweala-696x392-1.jpg?resize=400%2C240&ssl=1,WTO Confirms Okonjo-Iweala As One Of The Two Finalists For DG Job,https://www.naijanews.com/2020/10/08/wto-confirms-okonjo-iweala-as-one-of-the-two-finalists-for-dg-job/,4 days ago,The World Trade Organisation (WTO) has confirmed that Nigeria’s Ngozi Okonjo-Iweala has emerged as one of the two final candidates for the position of Director-General in...
https://i0.wp.com/www.naijanews.com/wp-content/uploads/2020/10/Ondo-2.jpeg?resize=300%2C225&ssl=1,Ondo 2020: INEC Begins Distribution Of Sensitive Materials Amidst Heavy Security,https://www.naijanews.com/2020/10/08/ondo-2020-inec-begins-distribution-of-sensitive-materials-amidst-heavy-security/,4 days ago,"Barely 48 hours to the Ondo State governorship election, the Nigeria electoral governing body, Independent National Electoral Commission has commenced the distribution of sensitive election materials..."
https://i2.wp.com/www.naijanews.com/wp-content/uploads/2019/07/NASS.jpg?resize=400%2C240&ssl=1,2021 Budget: National Assembly Gets N128bn,https://www.naijanews.com/2020/10/08/2021-budget-national-assembly-gets-n128bn/,4 days ago,"President Muhammadu Buhari on Thursday during budget Presentation at the National Assembly, noted that NASS will be funded with N128 billion in 2021. Buhari while speaking..."
https://i0.wp.com/www.naijanews.com/wp-content/uploads/2020/10/EjzIvTCWsAAhNum.jpg?resize=400%2C240&ssl=1,President Buhari Presents 2021 Budget To The National Assembly(Pictures And Video),https://www.naijanews.com/2020/10/08/president-buhari-presents-nigerias-2021-budget-to-the-national-assembly-pictures-and-video/,4 days ago,President Muhammadu Buhari has presented the 2021 Appropriation Bill to a Joint session of the National Assembly. Naija News Understands that Buhari arrived the National Assembly...
https://i1.wp.com/www.naijanews.com/wp-content/uploads/2020/10/WhatsApp-Image-2020-10-08-at-7.32.07-AM.jpeg?resize=400%2C240&ssl=1,Budget Presentation: NASS Ready For President Buhari,https://www.naijanews.com/2020/10/08/budget-presentation-nass-ready-for-president-buhari/,4 days ago,The National Assembly is ready to receive President Muhammadu Buhari who is expected to present the 2021 budget. Information gathered revealed that the operatives of the...
https://i0.wp.com/www.naijanews.com/wp-content/uploads/2019/07/Elisha-Abbo-1-1.jpg?resize=400%2C240&ssl=1,"Sex Toy Shop Assault Was A ‘Simple One’ – Says Sen. Elisha Abbo, Appeals N50m Court Order",https://www.naijanews.com/2020/10/08/sex-toy-shop-assault-was-a-simple-one-says-sen-elisha-abbo-appeals-n50m-court-order/,4 days ago,"The senator representing Adamawa North Senatorial District in Adamawa State, Elisha Abbo has described as ‘simple tort’ the assault done by him on a lady in..."
https://i2.wp.com/www.naijanews.com/wp-content/uploads/2020/10/fure-750x375-1.jpg?resize=400%2C240&ssl=1,Lagos Gas Explosion Fatalities Rise To Eight – LASEMA,https://www.naijanews.com/2020/10/08/lagos-gas-explosion-fatalities-rise-to-eight-lasema/,4 days ago,"The Lagos State Emergency Management Agency, LASEMA, disclosed that so far eight fatalities have been recorded in the gas explosion which rocked part of the state..."
https://i2.wp.com/www.naijanews.com/wp-content/uploads/2020/07/Keyamo.jpg?resize=400%2C240&ssl=1,SARS Killing Video: Keyamo Calls For Release Of Videographer From Detention,https://www.naijanews.com/2020/10/08/keyamo-calls-for-release-of-videographer-who-shot-killing-of-young-man-by-sars-operatives-in-delta/,4 days ago,"Festus Keyamo, SAN, the Minister of State for Labour and Employment, has urged the police to release a videographer who was behind the Delta viral Special..."
https://i2.wp.com/www.naijanews.com/wp-content/uploads/2020/05/n-power.jpg?resize=400%2C240&ssl=1,"Latest Npower News In Nigeria For Today, Thursday, 8th October 2020",https://www.naijanews.com/2020/10/08/latest-npower-news-in-nigeria-for-today-thursday-8th-october-2020/,4 days ago,"Good morning, Nigeria, welcome to Naija News roundup of the latest Npower news in Nigeria for today, Thursday, 8th October 2020. Here the latest Npower news in..."
https://i1.wp.com/www.naijanews.com/wp-content/uploads/2020/10/Lagos-Oyo-Edo-protesters-1.jpg?resize=400%2C219&ssl=1,"#EndSARS: Nigerian Youth Rejects IGP’s Directive, Demands Total Scrapping",https://www.naijanews.com/2020/10/08/endsars-nigerian-youth-rejects-igps-directive-demands-total-scrapping/,4 days ago,"Some youths, under the aegis of the Gavel, a non-governmental organisation,  yesterday protested the recent directive given by the Inspector General of Police, Mohammed Adamu to..."
https://i2.wp.com/www.naijanews.com/wp-content/uploads/2020/10/images-78.jpeg?resize=400%2C240&ssl=1,Men Who Recover From COVID-19 May Become Infertile – Research,https://www.naijanews.com/2020/10/08/men-who-recover-from-covid-19-may-become-infertile-research/,4 days ago,"A new study conducted by researchers in Isreal, has claimed that men who recover from COVID-19 may suffer infertility. The study stated that  the virus may..."
https://i0.wp.com/www.naijanews.com/wp-content/uploads/2019/12/Donald-Trump-had-mentioned-this-possibility-in-a-telephone-interview-on-November-26-on-the-website-of-conservative-journalist-Bill-OReilly..jpg?resize=400%2C240&ssl=1,Pope Francis Would Wish I Was Re-elected – Donald Trump,https://www.naijanews.com/2020/10/08/pope-francis-would-wish-i-was-re-elected-donald-traump/,4 days ago,"The United States President, Donald Trump, has tackled Pope Francis for tagging him a non-Christian over plans to build walls in the US-Mexico border. The Pope..."
